{
  "project_info": {
    "project_number": "901002428830",
    "project_id": "shareyourhappiness-8c93d",
    "storage_bucket": "shareyourhappiness-8c93d.firebasestorage.app"
  },
  "client": [
    {
      "client_info": {
        "mobilesdk_app_id": "1:901002428830:android:d5cda5165a71a4d813968f",
        "android_client_info": {
          "package_name": "com.example.projectlol"
        }
      },
      "oauth_client": [],
      "api_key": [
        {
          "current_key": "AIzaSyCUWbiBLlDYZENxpOknWYGPYOZ-AYsev4M"
        }
      ],
      "services": {
        "appinvite_service": {
          "other_platform_oauth_client": []
        }
      }
    }
  ],
  "configuration_version": "1"
}